kind,budget,percentage_saved,kendall_tau_median,kendall_tau_min,kendall_tau_max,spearman_rho_median,top3_membership_matches,top3_order_matches,median_absolute_elo_delta_median,max_absolute_elo_delta_median,max_absolute_elo_delta_worst,minimum_pair_evidence,gate_passes,runs
mixed-random,700,83.69438621010949,0.8681318681318682,0.8681318681318682,0.8901098901098902,0.9604395604395607,5,1,48.24390901086883,146.68479511326132,191.33905916128492,7,0,5
mixed-random,1200,72.04751921733053,0.9340659340659341,0.9340659340659341,0.9560439560439562,0.9868131868131869,5,1,28.682233615777477,79.82020330682758,122.84802081339058,13,0,5
mixed-random,2000,53.41253202888423,0.9560439560439562,0.9340659340659341,0.9780219780219781,0.9912087912087912,5,2,13.683594358663413,46.27017754458029,61.374681275296325,21,0,5
pair-balanced,700,83.69438621010949,0.8681318681318682,0.7582417582417583,0.9780219780219781,0.956043956043956,1,1,34.88736020560384,75.17162456695951,116.38438099675818,7,0,5
pair-balanced,1200,72.04751921733053,0.8901098901098902,0.7802197802197802,0.9560439560439562,0.9692307692307693,2,0,18.849640840560028,49.12059412915846,88.99502230491316,13,0,5
pair-balanced,2000,53.41253202888423,0.8681318681318682,0.8461538461538461,0.9560439560439562,0.9516483516483516,1,1,17.57609905517836,37.70822520261572,61.219755276211686,21,0,5
