kind,budget,percentage_saved,kendall_tau_median,kendall_tau_min,kendall_tau_max,spearman_rho_median,top3_membership_matches,top3_order_matches,median_absolute_elo_delta_median,max_absolute_elo_delta_median,max_absolute_elo_delta_worst,minimum_pair_evidence,gate_passes,runs
mixed-random,700,84.46170921198669,0.7802197802197802,0.7142857142857144,0.8461538461538461,0.9208791208791209,0,0,40.91301945377552,101.54558005476588,116.81052616962552,7,0,5
mixed-random,1200,73.36293007769146,0.8021978021978022,0.7802197802197802,0.8681318681318682,0.9296703296703297,0,0,23.835583467567176,79.52519843529308,84.0886776847276,13,0,5
mixed-random,2000,55.60488346281909,0.8681318681318682,0.8021978021978022,0.9120879120879122,0.9472527472527472,1,0,10.426968671419559,39.83207465401688,40.522032706928485,21,0,5
pair-balanced,700,84.46170921198669,0.7802197802197802,0.7142857142857144,0.8241758241758242,0.8945054945054945,0,0,21.429977055331733,66.35516817329449,98.65008366570828,7,0,5
pair-balanced,1200,73.36293007769146,0.8241758241758242,0.8241758241758242,0.8681318681318682,0.9340659340659341,1,0,16.856581791943313,36.62551075270494,65.05221988772882,13,0,5
pair-balanced,2000,55.60488346281909,0.8681318681318682,0.8021978021978022,0.9560439560439562,0.9472527472527472,0,0,8.846758982956544,30.303948386869934,33.81672867535144,21,0,5
